method,spearman,ci_lo,ci_hi,n_metabolites
naive_default_fair,0.09058186233669366,0.028554737803231513,0.20872601163191062,7
autoresearch_selected,0.08599315184606095,0.034236723310867266,0.13668099677179732,6
