version,final_gap_closure,n_iterations,schema_validity_rate,hallucination_rate,reasoning_consistency,self_correction_rate
v1,0.09,10,0.4,0.0,0.5,0.0
v1,0.09,10,0.4,0.0,0.5,0.0
v1,0.07,10,0.4,0.0,0.6666666666666667,0.0
v2,0.16000000000000003,10,0.5,0.0,0.0,0.0
v2,0.15999999999999998,10,0.7096774193548387,0.0,0.0,0.0
v2,0.21000000000000002,10,0.41935483870967744,0.0,0.0,0.0
