version,evaluate,initial_spearman,last_spearman,best_spearman,best_iter,improvement_last,improvement_best,n_iterations,schema_validity,hallucination_rate,reasoning_consistency,self_correction_rate
v1,real_v3,0.09058186233669366,0.0808354875125571,0.0808354875125571,-1,-0.009746374824136553,-0.009746374824136553,6,1.0,0.0,0.6,1.0
v1,real_v3,0.09058186233669366,0.12985296309198496,0.12985296309198496,-1,0.039271100755291305,0.039271100755291305,6,1.0,0.0,0.6,1.0
v2,real_v3,0.09058186233669366,-0.12426903300824822,-0.12426903300824822,-1,-0.2148508953449419,-0.2148508953449419,6,0.8421052631578947,0.0,0.0,1.0
v2,real_v3,0.09058186233669366,0.09058186233669366,0.09058186233669366,-1,0.0,0.0,6,0.0,0.0,1.0,0.0
