version,evaluate,initial_spearman,final_spearman,final_gap_closure,n_iterations,schema_validity_rate,hallucination_rate,reasoning_consistency,self_correction_rate
v1,real,0.09058186233669366,0.05117606254059749,-0.039405799796096166,6,0.8421052631578947,0.0,0.75,1.0
v1,real,0.09058186233669366,0.08644899840394417,-0.004132863932749489,6,0.8333333333333334,0.0,0.6666666666666667,0.0
v2,real,0.09058186233669366,0.16370960230300133,0.07312773996630767,6,1.0,0.0,0.19999999999999996,0.0
v2,real,0.09058186233669366,0.0,-0.09058186233669366,6,1.0,0.0,0.4,1.0
