version,evaluate,initial_spearman,final_spearman,final_gap_closure,n_iterations,schema_validity_rate,hallucination_rate,reasoning_consistency,self_correction_rate
v1,real_v2,0.09058186233669366,-0.010529852180246883,-0.10111171451694054,6,1.0,0.0,0.8,1.0
v1,real_v2,0.09058186233669366,-0.010529852180246883,-0.10111171451694054,6,1.0,0.0,0.8,1.0
v2,real_v2,0.09058186233669366,0.04819791055026616,-0.042383951786427496,6,1.0,0.0,0.0,0.0
v2,real_v2,0.09058186233669366,-0.10328697259256583,-0.1938688349292595,6,1.0,0.0,0.4,1.0
