spec,spearman_mean,pearson_log_mean,ccc_mean,mape_pct_mean,n_metabolites_scored
default_naive,0.12401977655693444,0.019358995494750647,0.012873135851801224,108.24720516842126,10
llm_derived,0.21999084593100487,0.12615889163659982,0.017297630489738165,79.85141551384423,5
chenomx_empirical,0.18399288427443034,0.15543030004132224,0.05361608642841514,68.14038723080836,11
hybrid_chenomx_ranges_llm_corr,0.14414513510157287,0.14078747068180528,0.020959823303171782,78.40733628172926,11
