ablation,spearman_mean,pearson_log_mean,ccc_mean,mape_pct_mean,n_metabolites_scored,delta_spearman_vs_full
llm_full,0.2273641770222244,0.11053292254929188,0.013428336394605606,76.01401258956648,5,0.0
llm_no_correlations,0.19260852423369948,0.09951014836527707,0.011681163170179023,71.12346136592316,5,-0.03475565278852491
llm_no_ranges,0.2273641770222244,0.11053292254929188,0.013428336394605606,76.01401258956648,5,0.0
llm_no_noise_shift,0.19012101848320345,0.09009378975534496,0.01706932235691474,90.15576950183336,8,-0.03724315853902094
llm_no_baseline,0.1884483315592968,0.12305536128753573,0.021807288841361353,76.63697463068486,5,-0.03891584546292759
llm_empty,0.12401977655693444,0.019358995494750647,0.012873135851801224,108.24720516842126,10,-0.10334440046528995
