spec,spearman_mean,pearson_log_mean,ccc_mean,mape_pct_mean,n_metabolites_scored
naive_default,0.12401977655693444,0.019358995494750647,0.012873135851801224,108.24720516842126,10
llm_derived,0.2273641770222244,0.11053292254929188,0.013428336394605606,76.01401258956648,5
hybrid_chenomx_ranges_llm_corr,0.20584415212076335,0.18091893508278575,0.0434122403655515,82.92574727005139,11
chenomx_empirical,0.18399288427443034,0.15543030004132224,0.05361608642841514,68.14038723080836,11
