ensemble,spearman_mean,pearson_log_mean,ccc_mean,mape_pct_mean,n_metabolites_scored
average_top3,0.4827623133545407,0.4180025862494369,0.2895723563131432,17.37933450350746,12
weighted_blend_ccc,0.4478210850053121,0.3604710262643569,0.2510159618013635,18.53615270089973,12
average_top5,0.4451551592693785,0.3761850393339433,0.2780468129617696,18.78152793896213,12
bagging_ridge_B30,0.4257596171719751,0.34792767782647976,0.2959775706157034,20.554614884863675,12
average_all,0.4190854602375251,0.3483874423671005,0.2443838490555838,19.84212490192617,12
average_top7,0.4190854602375251,0.3483874467355093,0.2443838485747563,19.84212503740582,12
