model,n_boot,spearman_mean,spearman_ci_lo,spearman_ci_hi,pearson_log_mean,pearson_log_ci_lo,pearson_log_ci_hi,ccc_mean,ccc_ci_lo,ccc_ci_hi,mape_pct_mean,mape_pct_ci_lo,mape_pct_ci_hi
META-RF,100,0.4664533522218512,0.3948161905782485,0.5350425612355169,0.42809415926661837,0.3376532635694885,0.5117387240654722,0.3561674229930717,0.2831800589725164,0.4256155760015125,18.123529064657745,13.897008787362289,26.175992280410426
bins300_ridge_a10,100,0.41225411316843913,0.3296370728654674,0.5072086038732637,0.37786094878270565,0.28386547265939277,0.4521569767330759,0.3525476680803731,0.26728056166218017,0.4321340126330773,22.17860510436009,16.747790285686946,30.263007676201216
bins300_pls_nc30,100,0.38438936803616797,0.29867889616985027,0.4849856263652612,0.3554952626178838,0.2738949954935672,0.4415972211834794,0.32199844797215504,0.24045474312259668,0.41888831168550444,27.394461556499262,18.101057857850662,39.55633319130229
bins300_enet_a0001_l05,100,0.36573338335986727,0.2724960865235003,0.4546055246036877,0.3403412283738313,0.259287267916421,0.41183184202054857,0.3026522321517775,0.2228526845272316,0.3780623946393144,28.445814307771446,19.501852914527447,40.05374142537482
bins300_lasso_a0001,100,0.3623068185610668,0.28123675328868925,0.4484442927873147,0.33530997633904286,0.2573180618134514,0.39649947476948005,0.29810221521261726,0.21323955051264948,0.368099513552728,26.948492276157744,18.678891721634013,37.999620427651
roi_rf_n100_d8,100,0.3427060171352717,0.25852779221303285,0.42077886816954696,0.3268464776978009,0.227657873640946,0.41019678864177583,0.2707493527538614,0.19678504279206585,0.34108055936663717,19.126002545265834,14.498795074809637,26.92428103952236
roi_knn_k15,100,0.2932026101778064,0.21507214575973668,0.3815644349132557,0.3201379568554627,0.22986761813314463,0.4173862966373865,0.2273684237594274,0.15204041973532695,0.29259401315755595,17.25859941258122,13.757768585024447,22.948145161254878
