variant,spearman_mean,pearson_log_mean,ccc_mean,mape_pct_mean,n_metabolites_scored
meta-ridge_per,0.41533414035117017,0.3592605788057975,0.22706166824710036,18.20450627084705,12
meta-ridge_cross,0.32903011456824643,0.29070300758261963,0.24341903895105663,22.40835419453106,12
meta-rf_per,0.43647543386871196,0.38359181448150065,0.2712022006127277,18.501833410830546,12
meta-rf_cross,0.4628400728588902,0.3938447646334413,0.2757204816864731,18.20283387996983,12
meta-xgb_per,0.37900149616512185,0.3262692768656442,0.24496750612268578,20.105251500272608,12
meta-xgb_cross,0.43153808565134505,0.31651599099139044,0.22252295991352689,20.54047850428656,12
